Query	ShortQuery
Добрый день.Подскажите пожалуста.У меня работник в отпуске по 28.12.2023 г включительно.Пришел написал заявление на увольнение.Каким числом я его должна уволить 28 или 29 декабря	Как рассчитывается компенсация при увольнении в отпуске?
Добрый день. Подскажите, что нужно делать, если сотрудник во время отпуска пошел на больничный ? Нужно ли отвечать на этот больничный?	Как отвечать на больничный лист сотрудника во время отпуска?
Здравствуйте! Подскажите, пожалуйста, если сотрудник берет отпуск с последующим увольнением, то он же может не брать отпуск на все накопленные дни, а получить еще компенсацию за неотгул. отпуск в последний раб. день?	Можно ли получить компенсацию за неотгул отпуск в последний рабочий день при увольнении?
Здравствуйте. Сотрудница работает внешним совместителем. У нее заканчивается больничный по беременности и родам 02.02.24. Пособие до 1,5 лет она будет оформлять по основному месту работы. Какие документы нужно оформить, чтобы отправить ее в отпуск до 1,5 без назначения пособия?	Какие документы нужно оформить для отправки в отпуск без назначения пособия до 1,5 лет?
Добрый день, подскажите если сотрудник уходит в отпуск января 2024 года. Устроился к нам 30.05.2013 года, какой период работы должен указан быть в приказе	Какой период работы должен указываться в приказе для сотрудника, ушедшего в отпуск в январе 2024 года, если он устроился в компанию 30.05.2013 года?
Добрый день, подскажите в отчете ЕФС-1 с подразделением 1.2(замена СЗВ-Стаж) должны указывать всех сотрудников или только у кого отпуск за свой счет, декретн,, вахтов. и т.д?	Как заполнять отчет ЕФС-1 с подразделением 1.2 для сотрудников с отпуском за свой счет, декретом, вахтовкой и т.д.?
Добрый день.Подскажите,пожалуйста. Сотрудница вышла в отпуск по уход.за ребенком до 1.5 лет, и сразу же вышла на работу на условиях неполного раб.времени с сохранением пособия. Как это отразить в СЗВ-СТАЖ? Код ДЕТИ не проставляем, верно? И нужно ли указать ставку 0,5?	Как отразить в СЗВ-СТАЖ выход на неполный рабочий день из отпуска по уходу до 1.5 лет с сохранением пособия?
Доброго Дня! Сотрудник отработал 6 мес., у него наступает право на оплачиваемый отпуск. Обязан ли ИП предоставить отпуск за 12 мес. по просьбе сотрудника? Или может отказать и предоставить только за проработанное время? Спасибо.	Может ли ИП предоставить отпуск за 12 мес. по просьбе сотрудника, если он проработал только 6 мес.?
Добрый день! В какой срок и на какую дату нужно подать форму ЕФС-1 подраздел 1.2, до окончания отчетного периода, на сотрудницу которая подала заявление на отпуск по беременности и родам или по уходу за ребенком до 1,5 лет?	Как отразить в СЗВ-СТАЖ выход на неполный рабочий день из отпуска по уходу до 1.5 лет с сохранением пособия?
Доброго Дня! ИП закрывает магазин и предлагает сотрудникам другие места работы - в другом магазине. Если кто-либо из сотрудников отказывается, то обязан ли ИП сделать какие-либо выплаты этому сотруднику в связи с сокращением, кроме компенсации за отпуск? Спасибо.	Обязаны ли работодатели выплачивать компенсацию за отпуск при сокращении рабочих мест?
Каким образом исчисляется средний заработок при начислении отпуска по уходу до 1,5 лет, в случае если сотрудница числилась у двух страхователей?	Как рассчитывается средний заработок при начислении отпуска по уходу до 1,5 лет, если сотрудница числилась у двух страхователей?
Здравствуйте ! Предоставляются ли дополнительные дни отпуска в связи с бракосочетанием? Если предоставляются , то они оплачиваемые или за свой счет ?	Предоставляются ли дополнительные дни отпуска в связи с бракосочетанием и оплачиваемые ли они?
Сотрудница после выхода из декретного отпуска вышла на полный рабочий день, соответственно заявление на пособие по уходу за ребенком до 1,5 лет не писала. В связи с изменениями в 2024 году сотрудница написала заявление на выплату данного пособия. Положено ли ей пособие по уходу за ребенком до 1,5 лет, если она работает на полной ставке и до сегодняшнего момента заявления не писала? Если она имеет право на данное, то как в данном случае необходимо оформить?	Может ли сотрудница, работающая на полной ставке, получить пособие по уходу за ребенком до 1,5 лет, если она не подавала заявление ранее?
у нас трудится внешний совместитель на 0,5 ставки. По основному месту работы он является директором в ООО, в котором деятельность пока не ведется, т.е. он находится в отпуске без сохранения зарплаты. В настоящее время он хочет перейти на полную ставку в нашей компании. Возможно ли это?	Можно ли совмещать должность директора ООО с другой работой на полной ставке?
здравствуйте! подскажите пожалуйста Нужно  платить страховые взносы на травматизм с зарплаты и компенсации за не использованный отпуск умершему сотруднику. начисление после смерти сотрудника	Как платить страховые взносы на травматизм с зарплаты и компенсацию за не использованный отпуск?
Здравствуйте. Сотрудница на момент выхода в отпуск по уходу за ребенком до 1,5 лет работала в двух организациях. Пособие выбрала получать в ИП, так как зп там была больше. Сегодня она планирует уволиться от ИП. Остаться в ООО и получать пособие от ООО. Но зарплата в ООО была меньше, чем в ИП. Поясните, как ФСС будет начислять пособие? Пособие станет меньше?	Как будет рассчитываться пособие, если сотрудница работала в двух организациях и выбирает получать пособие в одной из них?
здравствуйте, подскажите, работник уходит в отпуск с 01 января 2024 года, а сумма отпускных начисляется и выплачивается 29 декабря 2023 года. С января новые оклады, по каким окладам считать???	Какие оклады считать для работника, уходящего в отпуск с 01 января 2024 года, но сумма отпускных выплачивается 29 декабря 2023 года?
Добрый день, Директор находится в отпуске, приказ на замещение и право подписи не делали, может ли он утверждать авансовые отчеты  и подписывать приказ на увольнение сотрудника	Может ли директор в отпуске подписывать документы?
Добрый день, подскажите, пожалуйста, по какому пункту закона или мет. рекомендациям лимит резерва отпусков достигается когда входящий остаток на начало года + начисленный резерв = установленному в компании пределу, а не когда входящий остаток + начисленный резерв-потраченный резерв = установленный предел. То есть почему при достижении предела не учитывается потраченный на отпуска резерв?	Как рассчитывается лимит резерва отпусков?
Добрый день, есть решение от 30 ноября 2023 г единственного учредителя от 30 ноября 2023 г  о выплате дивидендов за 2018 год. Однако с 1 декабря 2023 г он находится в ежегодном отпуске, т к одновременно является и работником предприятия, правомерно ли во время его отпуска выплачивать дивиденды на его банковскую карту?	Можно ли выплачивать дивиденды во время отпуска учредителя?
Сотрудник умер 7сентября 23г.,находясь на продолжительном б/листе,его родственникам выплачено пособие на погребение,мат.помощь 10000руб,компенсация за неиспользованный отпуск 15000руб.Какие суммы конкретно необходимо указать в строке 070 на этого сотрудника???	Какие суммы необходимо указать в строке 070 на сотрудника, умершего 7 сентября 2023 года, находясь на продолжительном больничном листе?
"Добрый день! Если сотрудница оформила отпуск по беременности и родам с ноября 2023 по апрель 2024 (больничный лист). Пособие за 140 дней СФР ей выплатил в ноябре 2023 года. Нужно ли в 2024 году подавать на неё Подраздел 1.2 ЕФС-1 с типом сведений ""Назначение выплат по ОСС"" с 01.01.2024 по Дата окончания больничного по беременности и родам?"	Как рассчитывается компенсация при увольнении в отпуске?
подскажите, пожалуйста, у сотрудницы отпуск с 9 января 2024, отпускные мы выплачиваем 29 декабря 2023. Должны ли мы сумму НДФЛ отразить в уведомлении, которое формируется с 23.12-29.12?	Как рассчитывать отпуск в праздничные дни?
Добрый день. вопрос по ЕФС-1 (стаж) есть сотрудники с отпуском за свой счёт - сдаём? сотрудники по уходу за ребёнком до 1,5 лет - не сдаём? Временная нетрудоспособность, отпуска - не сдаём? период работы по ТД и ГПХ - не сдаём? Доноры день сдачи и дни отпуска - сдаём, то какие коды или не сдаём? сотрудники в обособленном подразделении г.Кемерово- сдаём, то  какие коды, коэффец. или не сдаём? можно ссылку не на статью, а конкретно выдержку из документа	Как сдавать ЕФС-1 для сотрудников с разными типами отпуска?
"Добрый день. Подскажите, пожалуйста, нужно ли подавать ЕФС-1 с типом ""Назначение выплат по ОСС"" на сотрудниц, которые уходят в отпуск по уходу от 1,5 до 3 лет, но работающих неполное рабочее время? спасибо"	"

Заполнение ЕФС-1 при уходе в отпуск по беременности и родам и уходу до 1.5 лет работающих неполное рабочее время?"
Добрый день! Подскажите , пожалуйста ,    справка о среднем заработке с предыдущего места работы попадает в расчёт отпускных на новом месте?	Как рассчитывается компенсация при увольнении в отпуске?
"Добрый день, подскажите, пожалуйста, если у сотрудника в период отпуска случился больничный лист. Сотрудник не хочет ""переносить отпуск на ""после окончания БЛ"" и выходит на работу. Как правильно создать приказ ""на отзыв из отпуска"" и тогда мы удерживаем отпускные  и за этот период начисляем оплату по БЛ? Или правильно  сделать приказ на ""перенос отпуска"", но у нас нет точных дат, так как сотрудник возмет эти дни в каких-то других месяцах в течение года?"	Как начислять и учитывать больничный лист в отпуске?
добрый день. Работник целый месяц был в отпуске без сохранения з/пл .Надо ли его указывать в табеле учета рабочего времени? Программа его не заполняет.	Как учитывать отпуск без сохранения зарплаты в табеле учета рабочего времени?
Сотрудник умер 7сентября 23г.,находясь на продолжительном б/листе,его родственникам выплачено пособие на погребение,мат.помощь 10000руб,компенсация за неиспользованный отпуск 15000руб.Какие суммы конкретно необходимо указать в строке 070 на этого сотрудника???	Какие суммы необходимо указать в строке 070 на сотрудника, умершего 7 сентября 2023 года, находясь на продолжительном больничном листе?
Добрый день, у нас в компании есть сотрудница, у кот отпуск по беременности и родам. По новым правилам вместо СЗВ-СТАЖ , необх сдавать ЕФС раздел 1.2 и подать данные только по ней?	Как сдавать ЕФС-1 для сотрудницы на отпуск по беременности и родам вместо СЗВ-СТАЖ?
Добрый день! Подскажите пожалуйста, обязательно ли платить сотруднице, которая находится в отпуске по уходу за ребенком, премию за выслугу лет в нашей компании?	Обязательно ли платить премию за выслугу лет сотруднице в отпуске по уходу за ребенком?
"День добрый. Скажите, как лучше поступить. Работнику выплатили отпускные в конце августа. За сентябрь. В сентябре он взял б/л на неделю. Пересчитала отпускные. И начисления в сентябре получились ""по минусу"". Что мне нужно скорректировать теперь, чтобы отчетность по страховым взносам правильно составить?"	Как скорректировать начисления в сентябре после выплаты отпускных и получения больничного листа?
Добрый день! Отпуск у работника захватывает дни отдыха с 1 по 8 января 2024г., как считаются эти дни для отпуска?	Как рассчитывать отпуск в праздничные дни?
Здравствуйте! Если работницы давно в отпуске, то на конец года по ним в акте инвентаризации отпусков надо ставить расчетную цифру? Ведь в определенный момент средний заработок и резерв по их отпуску перестал пересчитываться из-за отсутствия среднего заработка	Как рассчитывается расчетная цифра для работницы в отпуске на конец года?
обрый день, ООО УСН 6% стоматология частная. какой код надо использовать в СЗВ СТАЖ для отпуска по вредности по СОУТ- 2 недели?  «Какие коды и когда ставить в СЗВ-СТАЖ» © Материал из БСС «Система Главбух». Подробнее: https://1gl.ru/#/document/16/128553/?of=copy-99314412e7	Какой код надо использовать в СЗВ СТАЖ для отпуска по вредности по СОУТ-2 недели?
Добрый день! Правомерно ли выплатить сотруднику денежную компенсацию за отпуск? Сотрудник не хочет идти в отпуск, а хочет вместо этого получить компенсацию. Спасибо.	Можно ли выплачивать денежную компенсацию за отпуск вместо самого отпуска?
Добрый день. ЕФС-1  подраздел 1.2 сдают только по работникам, у которых есть право на досрочную пенсию. На остальных подавать его не нужно? т. е. отчет сдается только с разделом 2? нужно ли подавать сведения по отпускам без сохранения заработной платы и больничным?	Как рассчитывается компенсация при увольнении в отпуске?
Как в отчете ЕФС-1 стаж(новый) показать работника, который был в отпуске по уходу за ребенком до 1,5 лет и работал неполный рабочий день	Как показать стаж работника, который был в отпуске по уходу за ребенком до 1,5 лет и работал неполный рабочий день в отчете ЕФС-1?
Добрый день, если работник принят на работу  в 2021 году и в 23 году уже ходил в отпуск на 28 календарных дней и увольняется 27 декабря , значит компенсацию за отпуск он не получает	Получает ли работник компенсацию за отпуск, если он уволился после уже проведенного отпуска?
если сотрудник в отпуске по уходу за ребенком и работает 5 часов в день, что указывать в форме ЕФС Подраздел 1.2 (Cведения о страховом стаже) годовой отчет	Как указывать в форме ЕФС Подраздел 1.2 (Cведения о страховом стаже) годовой отчет для сотрудника, работающего 5 часов в день в отпуске по уходу за ребенком?
подскажите если сотрудники уходят в отпуск поочереди, их заменяет один человек, можно ли с ним оформить договор ГПХ на это время или это должен быть обязательно трудовой договор?	Можно ли оформить договор ГПХ на время замены сотрудников в отпуске?
Здравствуйте Вопрос. Сотрудник оформил отпуск с 01.08.2023 по 28.08.2023 . С 23.08 по 28.08 у сотрудника больничный лист. С 01.08.2023 по 03.09.2023  отпуск был продлен из больничного. Как все это отразить в отчете СЗВ стаж	Как отразить в отчете СЗВ стаж отпуск с больничным листом и продление из больничного?
передать письменно. Подскажите если сотрудник хочет сейчас получить отпускные а отгулять в декабре. Наша компания не против. как законно это сделать	Как законно предоставить отпускные заранее?
Добрый вечер! Подскажите пожалуйста, а если у сотрудницы был отпуск по уходу за ребенком до 1,5 лет (с 14.05.22 по 20.08.23) и далее заявление на отпуск по уходу за ребенком до 3 лет (с 21.08.23 по 20.02.25) надо ли заполнять подраздел 1.2 формы ЕФС-1 за 2023 года и какой тип сведений указывать: первичный или назначение выплат по ОСС?	Как заполнять форму ЕФС-1 для сотрудницы, которая была в отпуске по уходу за ребенком до 1,5 лет и затем подала заявление на отпуск по уходу за ребенком до 3 лет?
Добрый день.Хотим уволить сотрудника по соглашению сторон,кроме з.п и компенсации  за отпуск ,что мы должны выплатить в каком размере и чем эта компенсация будет облагаться?	Как рассчитывается компенсация при увольнении в отпуске?
Здравствуйте! Сотрудник взял отпуск авансом, потом ушел на больничный. За декабрь нет заработка. Теперь увольняется. Как рассчитать сотрудника при увольнении если у него нет заработка и взяты дни отпуска авансом?	Как рассчитывать заработную плату при увольнении сотрудника, если у него нет заработка и взяты дни отпуска авансом?
Добрый день Сотрудница ушла в отпусг по уходу до 1,5 лет 07 ноября 2022 года. Весь 2023 год была в данном отпуске. Сам отпуск закончится 4 марта 2024 года. Подскажите  отчет ЕФС-1 за 2023 год нужно ли подавать на данную сотрудницу сведения? Ребенку в 2023 не исполнилось еще 1,5 лет.	Нужно ли подавать отчет ЕФС-1 за 2023 год для сотрудницы, которая была в отпуске по уходу до 1,5 лет и ребенку в 2023 году не исполнилось еще 1,5 лет?
Добрый день. подскажите, пожалуйста, надо ли заполнять на декретниц и сотрудниц , находящихся в отпуске по уходу за ребенком до 1,5 и 3-х лет  отчет ЕФС-1 раздел 1.2? Надо ли указывать окончание декрета в январе 2024 года? или  конец периода проставлять 31 декабря 2023 года и подавать уже дополнительный ЕФС-1 раздел 2.1 в 2024 году?	Как заполнять ЕФС-1 для сотрудников на декрет по уходу за ребенком до 1,5 и 3-х лет, находящихся в отпуске?
вопрос верно ли утверждение, что резервы по отпускам, проверяются только в конце года по результатам инвентаризации, т.к. основным документом, который подтверждает правильность формирования сальдо по сч. 96 на отчетную дату (в бухгалтерском и налоговом учете), является инвентаризационная опись по данному счету	Правильность проверки резервов по отпускам в конце года и использование инвентаризационной описи для подтверждения сальдо по счету 96.
Добрый день . При составлении сведений о трудовой деятельности в МКС, указаны дополнительные сведения ДЛОТПУСК. Можно образец заполнения мне отправить	Как заполнять сведения о трудовой деятельности в МКС, указав дополнительные сведения ДЛОТПУСК
Сотрудница вышла в отпуск по уходу за ребенком до 1,5 лет в 2023 году, но продолжала работать в период отпуска по уходу за ребенком в режиме неполного рабочего времени. Нужно ли подать ЕФС-1 Подраздел 1.2 (сзв стаж) по данной сотруднице в отчете за 2023 год?	Как отразить в СЗВ-СТАЖ выход на неполный рабочий день из отпуска по уходу до 1,5 лет с сохранением пособия?
Чтобы рассчитать средний дневной заработок для начисления больничного, разделите заработок сотрудника за расчетный период на 730 (ч. 3 ст. 14 Закона от 29.12.2006 № 255-ФЗ, в ред. Закона от 02.04.2023 № 98-ФЗ). Число 730 для пособия по временной нетрудоспособности нельзя уменьшать на дни болезни, отпуска, командировки и подобные периоды, которые совпали с расчетным. Никакие иные периоды не уменьшают число 730. «Как рассчитать средний дневной заработок для больничного». И.М. Савич © Материал из БСС «Система Главбух». Подробнее: https://www.1gl.ru/#/document/86/595999/bssPhr7/?of=copy-ea645da68a  «Как учесть изменение зарплаты при расчете отпускных». И.И. Шкловец © Материал из БСС «Система Главбух». Подробнее: https://www.1gl.ru/#/document/16/54644/?of=copy-2afc4a0f3f	Как рассчитывается средний дневной заработок для начисления больничного?
Здравствуйте, скажите пожалуйста ПЕРВЫЙ отпуск в году должен быть не менее 14 дней? или всего в году не менее 14? а остальные например можно отгулять 10 дней в феврале 4 дня а апреле и оставшиеся 14	Как рассчитывается минимальная продолжительность отпуска в году?
Здравствуйте! Подскажите, пожалуйста, в ЕФС-1 (сзв-стаж) за 2023 г. нужно включать всех сотрудников или же только тех, кто в отпуске по уходу за ребенком, в отпуске без з/п и др.	Какие сотрудники нужно включать в ЕФС-1 (сзв-стаж) за 2023 г.?
здравствуйте, подскажите пожалуйста работник в 2023 году взял только половину отпуска, что указать в графике отпусков за 2023 год в основании переноса отпуска и нужо ли указать дату предполагаемого отпуска.Спасибо	Как указать в графике отпусков за 2023 год, что работник взял только половину отпуска и нужно ли указывать дату предполагаемого отпуска?
Добрый день! Подскажите пожалуйста в таком вопросе: перерывы для кормления ребенка облагаются НДФЛ и взносами ? Включаются при расчете среднего заработка (например отпуск) данные выплаты ?	Перерывы для кормления ребенка облагаются НДФЛ и взносами?
Добрый день. Подскажите, есть какие-то правила, рекомендации о допустимости установления различных отпускных цен на одни и те же товары для различных контрагентов. В частности интересует, есть ли регулируемая разница в между минимальной и максимальной отпускной ценой на один и тот же товар различным контрагентам.	Есть ли разница в установлении отпускных цен для различных контрагентов?
Добрый день! Сотрудница увольняется после декрета, для расчета компенсации за неиспользованный отпуск учитывается период, когда ее зп была ниже чем мрот на сегодняшний день, как посчитать компенсацию? нужно ли сравнивать заработок на тот период с мрот на сегодняшний день?	Как рассчитывается компенсация за неиспользованный отпуск после увольнения?
Добрый день! Работодатель принял сотрудника на вновь созданное рабочее место, которое впоследствии может окажется опасным (вредным.) Когда у сотрудника возникает право на получение соответствующих доплат и дополнительного оплачиваемого отпуска ? С момента приема его на работу на данное рабочее место или с момента проведения спецоценки?	Как рассчитывается доплата и дополнительный оплачиваемый отпуск для сотрудника, работающего на опасном (вредном) рабочем месте?
Добрый день, вопрос:: Сотрудник организации- отец  уходит в отпуск по уходу за ребенком до 1,5 лет, может ли он продолжать работать в той же должности на условиях неполного рабочего времени и когда ( с какого дня) мы его можем отправить в отпуск по уходу если мать не работает	Может ли сотрудник, уходя в отпуск по уходу за ребенком до 1,5 лет, продолжать работать на условиях неполного рабочего времени и с какого дня мы можем отправить его в отпуск, если мать не работает?
Организация планирует выплатить сотрудникам разовую выплату к Новому году . Предполагается одинаковая фиксированная сумма для всех сотрудников независимо от нахождения сотрудников на работе, в отпуске, на больничном ит.д.. Разовая выплата оговорена в системе оплаты труда организации. Все выплаты облагаются НДФЛ и страховыми взносами. Как правильно оформить выплату, чтобы сумма выплаты и страховых взносов уменьшали налогооблагаемую базу по налогу  на прибыль?	Как оформить разовую выплату сотрудникам, чтобы сумма выплаты и страховых взносов уменьшали налогооблагаемую базу по налогу на прибыль?
в 2024 году надо организации создавать приказ об отпуске сотрудницы по уходу за ребенком до 1,5 лет и 3х лет?	Как создавать приказ об отпуске сотрудницы по уходу за ребенком до 1,5 лет и 3х лет?
Добрый день! Сотрудник ушел в отпуск с декабря 2023 по конец января 2024. Надо ли пересчитывать отпускные в связи с увеличением МРОТ? Спасибо!	Как рассчитывается компенсация при увольнении в отпуске?
Добрый день! Подскажите пожалуйста, работодатель обязан ли предоставлять сотруднику отпуск через 6 мес. после трудоустройства или это по согласованию с работодателем?	Как рассчитывается компенсация при увольнении в отпуске?
Доброе утро! У сотрудника ребенок инвалид. Он хочет взять отпуск ( по уходу за детьми-инвалидами) за 2023 г. - 16 дней. В 2023 году он успевает взять только 15, можно ли один день из 16 перенести на январь 2024 года?	Можно ли переносить один день отпуска на следующий год?
Здравствуйте. Подскажите, сотрудница нашей организации с ноября 2023 г. находится в отпуске по уходу за ребенком до 1,5 лет, она не предоставляла документы для формированияя работодателем реестра на выплату ей пособия. И сейчас все документы предоставила только в январе 2024 года. Два вопроса: возместит ли ФСС пособие за ноябрь и декабрь? и возможны ли штрафы работодателю за то, что реестр отправлен не в ноябре 2023, когда сотрудница вышла в отпуск по уходу за ребенком до 1,5 лет, а только в январе 2024?	Возмещение пособия за отпуск по уходу за ребенком до 1,5 лет, если документы предоставлены в январе 2024 года.
отрдница в прошлом году ушла в отпуск по уходу за ребенком до 1,5 лет. Ее средний заработок составляет 5500. С 01.02.2024 увеличивается  максимум пособия по уходу за ребнком. Увеличится ли в этом случае пособие у сотрудницы, которая ушла в отпуск в 2023г?	Увеличение максимума пособия по уходу за ребенком в 2024 году на сотрудницу, которая ушла в отпуск в 2023 году?
Здравствуйте! Подскажите, пожалуйста, в официальной форме Т-60 записка-расчет на отпуск есть пустые столбцы №17-№22. Получается я могу указывать наименование столбцов и добавлять нужную мне информацию в них. Но у нас локальными актами закреплена данная унифицированная форма с пустыми этими столбцами. Нужно ли теперь заново утверждать эту форму, раз мы в пустом столбце указали наименование или можно просто прописать, что по необходимости в столбцы №17-№22 добавляется нужная информация и все?	Как добавлять информацию в пустые столбцы формы Т-60 записка-расчет на отпуск?
С какого (года)  работодателя обязывают  чтобы сотрудники уходили в отпуск  на две недели ?  Уход на отпуск отпускника  на 28 календарных дней  на сегодня  актуален ? или  это все ушло в небытие?	Как рассчитывается компенсация при увольнении в отпуске?
Добрый вечер, подскажите пожалуйста,  у совместителя не совпадает отпуск в основной организации с совместительной. Т.к. при устройстве на работу, часть отпуска за период 23-24 уже была оформлена в основной организации. Можем ли мы (организ.совместителя) ему оформить весь оставшийся отпуск у нас?	Как оформлять отпуск совместителя, когда отпуск в основной организации и совместительной не совпадает?
"отпуск до 1,5 лет по уходу за ребенком наступает с 16/10/23
вопрос
С 16 октября на 2 недели больничный оформляют 
А потом беру отпуск по 30 ноября 
с 1 декабря снова больничный на 2 недели и после этого сколько там дней до 1 января останется снова отпуском доберу 
тк с 01.01.24 больше платят пособие. сотрудник хочет с января оформить отпуск до 1,5 лет, Мы можем так поступить?"	Можно ли рассчитывать отпуск до 1,5 лет по уходу за ребенком, если сотрудник уже использовал больничный лист в течение этого периода?
Добрый день!Нужно ли сдавать СЗВ-Стаж если у сотрудников не было ни отпуска за свой счет и никаких других  мероприятий, то есть пустой	Как сдавать СЗВ-Стаж, если у сотрудников не было отпуска за свой счет и других мероприятий?
У нас есть сотрудник,который трудоустроен в 2021 году и сейчас увольняется. За весь период выплаты ЗП не производились. На данный момент имеется компенсация отпуска 2,33 дня. Должны ли мы оплатить данную компенсацию исходя из МРОТ?	Как рассчитывается компенсация при увольнении в отпуске?
у работника пятидневка , он хочет в отпуск с понедельника на 7 календарных дней... директор возражает.. говорит со среды по среду.. правомерно ли ?	Как рассчитывается отпуск для работника с пятидневной рабочей неделей, если он хочет в отпуск с понедельника на 7 календарных дней?
Добрый день, подскажите  сотруднику положен дополнительный отпуск , в течении года он был на больничном,  в этом случае мы можем уменьшить количество дней дополнительного отпуска?	Можно ли уменьшить количество дней дополнительного отпуска, если сотрудник был на больничном?
А как поступить в случае, если сотрудник оформляет отпуск по уходу за ребенком 10.01.24, а выходит из отпуска 11.01.2024 на полную ставку (сейчас же разрешено получать пособие по уходу за ребенком и работать на полную ставку), нужно ли в данном примере отправлять ЕФС-1 с типом сведений «Назначение выплат по ОСС»?	Как отразить в СЗВ-СТАЖ выход на неполный рабочий день из отпуска по уходу до 1.5 лет с сохранением пособия?
Добрый день!  Подскажите пожалуйста, если у предприятия не было таких случаев  Простой Отстранение от работы Отпуск по уходу за ребенком от полутора до трех лет Отпуск за свой счет Приостановка трудового договора из-за мобилизации Периоды освобождения от работы с сохранением места работы на время исполнения государственных или общественных обязанностей Надо подовать отчет, или нет? Спасибо!	Какие виды отпуска и освобождений от работы требуют подачи отчета?
Работник отработал 2 месяца, из них 10 дней был в административном отпуске (хоктически прогулы). Учитывать ли эти дни при расчете компенсации за неиспользованный отпуск при увольнении?	Как рассчитывается компенсация за неиспользованный отпуск при увольнении, учитывая административный отпуск и прогулы?
Добрый день! Подскажите пожалуйста, сотрудник два года был на больничном, накопилось 56 дней не использованного отпуска. нам из какого расчета считать отпускные и каким образом отразить в графике отпусков?	Как рассчитывать отпускные для сотрудника с накопившимся больничным?
Добрый день. В компании у сотрудника накопился ежегодный оплачиваемый отпуск в размере 60 дней. Согласно графика отпусков в этом году он сможет сходить в ежегодный оплачиваемый отпуск только на 28 дней, на большее не позволяет коммерческая деятельность компании. Вопрос: может ли компания выплатить сотруднику компенсацию согласно ст. 126 ТК РФ за 32 дня, из расчета 60 дней (остаток ежегодного оплачиваемого отпуска) минус 28 дней (ежегодный оплачиваемый отпуск согласно графика отпусков) разница 32 дня (остаток)?	Может ли компания выплатить компенсацию за неиспользованный отпуск в соответствии с ст. 126 ТК РФ?
Здравствуйте! У нас работают вахтовики. Работают по 15 дней. Не можем разобраться, как правильно предоставить отпуск 28 дней. Понятно, что он предоставляется сразу после междувахтового отдыха, а потом сразу 28 дней и работник должен выйти на работу на 29 день? Или учитывая, что за эти 28 дней у него по графику был еще один межвахтовый отдых, еще прибавляются эти дни?	Как рассчитывать отпуск для вахтовиков?
Здравствуйте! Работникам находившимся в первую половину месяца в отпуске, командировке или на больничном не начисляется и не выплачивается аванс. Тем самым нарушается закон, о невыплате заработной платы каждые 15 дней. Как быть в таком случае?	Как начислять аванс заработной платы для работников, находящихся в отпуске, командировке или на больничном в первую половину месяца?
Добрый день! Подскажите, пожалуйста, правильно я понимаю, что ЕФС-1 данные по стажу сотрудников подаются не на всех сотрудников, а только на тех, у которых был, например, отпуск без сохранения заработной платы?	На каких сотрудников подаются данные по стажу в ЕФС-1?
Добрый день! Как считать компенсацию при увольнении, если сотрудник был в отпуске за свой счет больше 1 года перед увольнением?	Как рассчитывается компенсация при увольнении, если сотрудник был в отпуске за свой счет больше 1 года перед увольнением?
Добрый день! Нужен письменный ответ! Работник находится в отпуске по уходу за ребенком до 3 лет по заявлению, выплата от ФСС была до 1,5 лет. С 28 декабря заканчивается отпуск по уходу за ребенком до 1,5 лет, как дальше оформить работнику отпуск от 1,5 до 3 лет работодателю в таком случае и кто выплачивает пособие до 3 дет ? Какое пособие и в каком размере на сегодняшний день положено работнику по закону?	Как оформить отпуск работника с 1,5 до 3 лет после отпуска по уходу за ребенком до 1,5 лет?
Добрый день. У нас работает пенсионерка (то есть, её доходы это зарплата и пенсия). Она проживает в Бодайбо. У неё есть дочь, которая находится в отпуске по уходу за ребенком. Дочь проживает в Красноярске. Наша работница хочет взять отпуск по уходу за ребенком до 1,5 лет на 1 месяц, чтобы дочь вышла на работу. Можем ли мы предоставить ей такой отпуск?	Можем ли мы предоставить работнице отпуск по уходу за ребенком до 1,5 лет, если она проживает в другом городе и дочь находится в отпуске?
добрый день,  подскажите пож если  сотрудница  в отпуске до 3-х лет  на временной ставке  ,  ее могут уволить  предупредив за две недели?   вызов из отпуска не нужен ?	Можно ли уволить сотрудника из отпуска без вызова?
Вопрос: У директора 56 дей отпуска-28 осн и 28 доп. в апреле у него заканчивается контракт, и он его не хочет продлевать. Может ли он сейчас получить компенсацию за доп отпуск, пока у предприятия есть средства,	Может ли директор получить компенсацию за дополнительный отпуск, если он не хочет продлевать контракт?
Добрый день. У сотрудницы дополнительные 20 дней отпуска по беременности и родам. Необходимо ли оформлять дополнительно заявление и приказ на эти 20 дней?	Как оформлять дополнительные дни отпуска по беременности и родам?
Добрый вечер! Ситуация - с 1 окт. компания применяет увеличивающий коэффициент к ежемесячной премии, в связи с этим с работниками заключаются доп/соглашения к трудовым договорам. Следует ли проиндексировать среднюю заработную плату за отработанный год при расчете отпускных?	Как проиндексировать среднюю заработную плату при расчете отпускных с учетом увеличивающего коэффициента?
Добрый день! Сотрудница находится в отпуске по уходу за ребенком до 3-х лет,   но в декабре текущего года она нам сообщила что снова собирается в декретный отпуск и у нее будет больничный лист. Вопрос: какие заявления она должна написать  и два предыдущих года у нее декрет замена лет по ее заявлению , и что нужно отправить в СФР в связи с этими событиями ?	Какие заявления должна написать сотрудница, которая находится в отпуске по уходу за ребенком до 3-х лет, а в декабре текущего года сообщила о намерении в декретный отпуск и у нее будет больничный лист?
Добрый день! Подскажите, пожалуйста , вопрос касается начисления зарплаты за дни выхода в праздничные дни - 2 и 7 января 2024 г, девушка работает юрист-консультом , но данный момент  ей идёт доплата - 3 часа в день за начальника юридического отдела , так как данный начальник находится в декретном отпуске и работает  неполный день, вопрос состоит в следующем: Как в данном случае ей будет оплачиваться данные выходные дни , понятно в двойном размере, но полностью , исходя из её ставки + доплата за начальника отдела, правильно?	Как рассчитывается доплата за начальника отдела в праздничные дни?
"То что прислали там нет подобной ситуации ""ЕФС1 (сзв стаж) как заполнить если сотрудник работает не полный рабочий день так как находится в отпуске по уходу за ребенком до 3 лет"""	Как заполнить ЕФС-1 для сотрудника, работающего неполный рабочий день в отпуске по уходу за ребенком до 3 лет?
Добрый день! Подскажите пожалуйста, нужно ли сдавать отчёт ЕФС1 СЗВ-стажж , если не было не каких из перечисленных ситуаций 🔵находились в отпуске по уходу за ребенком в возрасте от полутора до трех лет; 🔵в отпуске без сохранения зарплаты;  🔵имели периоды простоя или отстранения от работы; 🔵выполняли работу, которая дает право на досрочную пенсию; 🔵работали в с/х  и при исчислении стажа работы которых применяется список работ, в соответствии с которым устанавливают повышение размера фиксированной выплаты к страховой пенсии по старости и по инвалидности; 🔵формировали свои пенсионные права в соответствии с Законом от 15.05.1991 № 1244-1 О соц защите после ЧАЭС; 🔵замещали государственные или муниципальные должности; 🔵работали полный навигационный период на водном транспорте; 🔵на предприятиях сезонных отраслей промышленности, вахтовым методом; 🔵работали в период отбывания наказания в виде лишения свободы; 🔵имели периоды освобождения от работы с сохранением места работы на время исполнения гос. или общественных обязанностей;	Нужно ли сдавать отчёт ЕФС1 СЗВ-стажж, если не было никаких из перечисленных ситуаций?
Добрый день, если сотрудник ушел в отпуск по уходу за ребенком до 1,5 лет, может ли он по собственному желанию выйти досрочно на работу?	Может ли сотрудник, который ушел в отпуск по уходу за ребенком до 1,5 лет, выйти досрочно на работу по собственному желанию?
Работник увольняется в связи с выходом на пенсию, к моменту увольнения авансом использован отпуск. Суммы начисленной заработной платы недостаточно для удержания излишне выплаченных отпускных. Можно ли эти суммы удержать из дополнительного выходного пособия выплачиваемого согласно коллективному договору при выходе на пенсию?	Можно ли удерживать отпускные из дополнительного выходного пособия при увольнении в связи с выходом на пенсию?
Добрый день. Как начислить сотруднику отпускные, если он идет в отпуск с 01.02.24.? Выплатить их нужно 26 января. Зарплата за январь еще не будет начислена и сумма не известна, так как расчет зарплаты идет по фактически отработанному времени.	Как начислить сотруднику отпускные, если он идет в отпуск с 01.02.24 и выплатить их нужно 26 января, но зарплата за январь еще не будет начислена и сумма не известна?
Здравствуйте! Помогите пожалуйста рассчитать новые сроки отпусков. работница принята на работу 19.04.2010 года, по срокам отгулены отпуска по 18.04.2020г. далее роды и декрет с 15.12.2020г по 19.05.2021г 156 дней, затем отпуск по уходу до 3 лет с 20.05.2021 года по 15.12.2023г. Какой будет следующий период отпуска (период с 19.04.2020 по 18.04.2021г тоже не успела отгулять)	Как рассчитывается следующий период отпуска для работницы, которая уже отгуляла отпуск по родам и декрету, а также отпуск по уходу до 3 лет?
Здравствуйте. Вопрос такой: есть график отпусков, он утвержден и сотрудники ознакомлены. Могут ли сотрудника не отпустить по графику в отпуск, если не было переносов и должен ли сотрудник писать заявление на отпуск в этом случае	Может ли сотрудник отпуститься по графику, если он не был перенесен, и должен ли он писать заявление на отпуск в этом случае?
подскажите как правильно выплатить  отпуск с последующим увольнением , и как правильно  удержать и перечислить ндфл  в бюджет начало отпуска 18.01.24 окончание 14.02.2024	Как выплатить отпуск и удержать НДФЛ при увольнении сотрудника?
добрый день !Сотрудница уходит в декретный отпуск с 6.01.2024г Для расчета больничного берем  предшествующие 2 года Но 2022 год ею отработан полностью а 2023г только 143 дня Расчет делать на 730 дней или на фактически отработанные дни	Как рассчитывать больничное при декретном отпуске с учетом фактически отработанных дней?
Добрый день!  ИП вышла в декретный отпуск в октябре 2023 года.  Положены ли ей какие пособия по уходу в 2024 год?	Как рассчитываются пособия по декретному отпуску?
сотрудница была в отпуске по уходу за ребенком. Вышла на работу, заболела. Может она написать заявление о переносе годов до беременности? какие еще документы должна предоставить. Работала до этого не у нас	Как рассчитывается компенсация при увольнении в отпуске?
передать письменно. Подскажите если сотрудник хочет сейчас получить отпускные а отгулять в декабре. Наша компания не против. как законно это сделать	Как законно предоставить отпускные заранее?
"День добрый. Скажите, как лучше поступить. Работнику выплатили отпускные в конце августа. За сентябрь. В сентябре он взял б/л на неделю. Пересчитала отпускные. И начисления в сентябре получились ""по минусу"". Что мне нужно скорректировать теперь, чтобы отчетность по страховым взносам правильно составить?"	Как начислять и учитывать больничный лист в отпуске?
Спасибо за ответ. А как быть с ведомостью на выплату отпускных выплата была 05.12.2023г, ясно что сумма выплаты останется без изменения, а как быть с ндфл, нужно ли изменить на исчисленный с 19000р?	Как изменить налоговую нагрузку при выплате отпускных с нулевой суммой?
Сотрудница находится в отпуске по уходу за ребенком до 3-х лет. может ли сотрудница выйти на работу раньше чем 3 года?	Может ли сотрудница выйти на работу раньше чем 3 года?
Здравствуйте! Сотрудник ушел в отпуск с последующим увольнением 9-го января 2024 года. Расчет с ним был произведен в последний рабочий день - т.е. 29 декабря 2023 года. Вопрос - какой датой в этом случае начисляются взносы?	Какая дата начисляются взносы для сотрудника, ушедшего в отпуск с последующим увольнением 9-го января 2024 года, если расчет был произведен в последний рабочий день - 29 декабря 2023 года?
Работница устраивается на работу находясь в это время в отпуске по уходу за ребенком до 1,5 лет. Какие приказы или какую информацию  и кому мы должны предоставить?	Какие приказы или информацию нужно предоставить, если работница устраивается на работу, находясь в отпуске по уходу за ребенком до 1,5 лет?
Добрый день! Отпускные работнику выплачиваются не позднее, чем за 3 дня до начала отпуска. 3 дня каких - рабочих или календарных? День выплаты считается или нет?	Как рассчитывается компенсация при увольнении в отпуске?
Добрый день. Подскажите пож..нужно ли заполнять  в форме ЕФС-1 раздел 1.1, если были отпуск без сохранения з/п  у работников   с обычными условиями труда( рабочий) ?	Как заполнять ЕФС-1 при отпуске без сохранения зарплаты у работников с обычными условиями труда?
если человек находится в отпуске по уходу за ребенком до 1,5 лет и дохода в организации не получал в течении всего года в отчете 6-ндфл (приложение справка 2-ндфл) мы его указываем с нулевым доходом или его совсем не включаем в отчет?	Как указывать доход работника, находящегося в отпуске по уходу за ребенком до 1,5 лет, в отчете 6-ндфл?
Добрый день. Работник идет в отпуск с 01 февраля отпускные мы должны выдать 26 января , а когда выдавать зарплату за вторую половину января, которая будет выплачена по предприятию 07 февраля.	Как рассчитывать выплату зарплаты за вторую половину января, когда отпускные выдаются 26 января и будут выплачены 07 февраля?
Добрый день! Сотрудник работающий в районе приравненному к району Крайнему Севера,  был мобилизован (соответственно у него приостановлен договор),, нужно ли ему за этот период насчитывать дополнительный отпуск в количестве 16 дней?	Приравненный к Крайнему Северу сотрудник, мобилизованный, должен ли насчитывать дополнительный отпуск в количестве 16 дней?
"фраза ""Не включайте в график отпусков сотрудников, с которыми заключили трудовой договор на срок до шести месяцев"" подразумевает и ровно 6 месяцев, как в нашем случае? у нас заключен с 01 августа до 31 января"	Как рассчитывается компенсация при увольнении в отпуске?
Добрый день! сотрудница ушла в отпуск по уходу до 1,5 лет. Пособие ей назначено, теперь она хочет заменить года. Как это сделать?	Как заменить годовой отпуск на отпуск по уходу до 1,5 лет с пособием?
компания выплачивает в январе отпускные на отпуск с 01.02 по 28.02. в каком периоде отпускные включить в базу по страховым взносам и налогу на прибыль? в январе или феврале?	Как рассчитывать отпускные в случае пересечения границ месяцев?
мне не совсем  понятно с вашего ответа  нудно  ли  удерживать  с компенсации  за неиспользованный отпуск умершего работника   НДФЛ и начислять   взносы	Как рассчитывать начисление страховых взносов на травматизм с зарплаты и компенсацию за неиспользованный отпуск умершего работника?
Добрый день! Сотрудница ушла в декретный отпуск в 2021 году, она получала заработную плату,исходя из минимума .В 2023 году организация ликвидируется, чтобы выплатить ей выходное пособие, мы должны сделать расчет среднего заработка, исходя из той заработной платы , которую она получала на тот момент или должны проиндексировать минимальный размер оплаты труда на 2023 год?	Как рассчитывать выходное пособие для сотрудника, которая получала заработную плату, исходя из минимума, перед ликвидацией организации?
Добрый день. Если родственники не хотят обращаться  за выплатой после смерти сотрудника. Выплата - компенсация при увольнении за неиспользованный отпуск. Не хотят и не будут . Нужно ли в  таком случае вообще начислять компенсацию?	Начислять ли компенсацию за неиспользованный отпуск, если родственники не хотят обращаться за выплатой после смерти сотрудника?
Сотрудница находится в отпуске по БиР срок 140 дней. Ей оформили продолжение отпуска. Подскажите есть пример приказа на продление отпуска по БиР?	Как написать приказ на продление отпуска по БиР?
Добрый день! У нас сотрудник иностранец работает по патенту, собирается в отпуск на 2 месяца, за патент оплатил на это время, чтоб его не аннулировали. Можем ли мы его отравить за свой счет, так как такого количества дней отпуска у него нет	Можно ли отправлять иностранеца на отпуск, если у него нет такого количества дней отпуска, но он заплатил за это время по патенту?
Подскажите - сотрудник больше года был на больничном, а затем собрался в отпуск. За какой период брать средний заработок для оплаты отпуска. Когда берешь за год больничного - получается по МРОТ	Как рассчитывать средний заработок для оплаты отпуска после больничного?
добре утро,   подскажите пож с 01.01.2024 г.  мамочки которые находятся в отпуске  до 1,5 лет имеют право работать полный раб день. Получается их  нужно перевести на полный раб день   по приказу,   а СФР  будет платить как платил ?	Как рассчитывается компенсация при увольнении в отпуске?
Добрый день! у нас сотрудница ушла в декретный отпуск на 140 дней. Скажите в расчет больничного надо ли включать заработок от предыдущего работодателя. В 21  году, она работала в другом месте	Как рассчитывать больничное при декретном отпуске, учитывая заработок от предыдущего работодателя?
Добрый день! Сотрудница находилась в отпуске по беременности и родам, а затем по уходу за ребенком до 3-Х лет в период с 27.12.2019-10.10.2022г.. Доход, облагаемый взносами за 2019год-150294,01, за 2022 год-9432,03. Вопрос Можно ли сотруднице заменить 2022 год на 2018 при расчете больничного? Если можно, то дайте, пожалуйста , конкретный ответ на вопрос .	Можно ли заменить 2022 год на 2018 год при расчете больничного?
Добрый день! подскажите пожалуйста, если сотрудник в течении года находился в отпуске без сохранения зарплаты на него подается СЗВ-СТАЖ только за период неоплаченный или за весь год.	Как рассчитывается компенсация при увольнении в отпуске?
Добрый день! Пока сервис перегружен, прошу помощи по следующему вопросу: нужна подборка Судебной практики по спорам о взыскании директором с компании компенсации за не отгуленный отпуск при увольнении, так как директор не ходил в ежегодный оплачиваемый отпуск 4,5 года. Как объяснить в суде что это не было злоупотреблением правом и должностными полномочиями	Как объяснить в суде, что отказ от ежегодного оплачиваемого отпуска не является злоупотреблением правом и должностными полномочиями?
нужна форма приказа на выход сотрудника на работу на неполный день во время нахождения в отпуске по уходу за ребенком до 1,5 лет	Как написать приказ на выход сотрудника на неполный день во время отпуска по уходу за ребенком до 1,5 лет?
Здравствуйте. Из системы главбух - Опасно платить за первую половину месяца фиксированную сумму аванса, например, 50 процентов от зарплаты за месяц. Это не нарушает закон, но несет риски. Такой аванс обязательно платить, даже если работник в первой половине месяца болел, был в отпуске. Где это прописано, что в случае болезни или отпуска аванс все равно выплачивается?	Где в законе прописано, что в случае болезни или отпуска аванс все равно выплачивается?
Сотрудник находиться в отпуске по уходу за ребенком до 1,5 лет, хочет выйти на неполный рабочий день. Как это оформить и отразить в отчетах. Спасибо.	Как отразить в отчетах выход на неполный рабочий день из отпуска по уходу за ребенком до 1,5 лет?
Добрый день! Подскажите, пожалуйста, необходимо ли на работника подавать данны по форме ЕФС -1 подраздел 1.2 (стаж)  если работник находился в отпуске по уходу за ребенком до 3х лет и работал на 0,5 ставки?	Как отразить в СЗВ-СТАЖ выход на неполный рабочий день из отпуска по уходу до 1.5 лет с сохранением пособия?
по вашей ссылке речь только про отпуск по уходу от 1,5 до 3. - это говорит ФЗ, по нему вывод - что не надо по тем кто ушел до полутора. В этом и загвоздка. т.к. порядок заполнения подразд.1.2. содержит правила заполнения и по отпускам до 1,5 в отчетах по итогам года.	Как заполнять ЕФС-1 для сотрудников, ушедших в отпуск до 1,5 лет?
Сохранение пособия по уходу за ребенком при выходе на работу  С 2024 года родители не будут терять право на пособие по уходу за ребенком до 1,5 лет в случае досрочного выхода из отпуска на работу. Новое правило работает в том числе при выходе на работу на неполный рабочий день, на работу на дому и на дистанционную работу. Пособие также сохранится у тех, кто в период отпуска по уходу за ребенком трудится у другого работодателя    Информация Социального фонда России от 27.12.2023 № б/н Услуги Социального фонда – 2024: что ждет россиян с нового года © Материал из БСС «Система Главбух». Подробнее: https://www.1gl.ru/#/document/97/513815/dfasy1xcog/?of=copy-c774649197	Как сохранять пособие по уходу за ребенком при выходе на работу на неполный рабочий день?
Хотим уточнить - п.77,3 Указаний - средняя численность не полностью занятых работников за отчетный месяц в пересчете на полную занятость путем деления отработанных человеко-дней на число рабочих дней по календарю в отчетном месяце. При этом за дни болезни, отпуска, неявок (приходящиеся на рабочие дни по календарю) в число отработанных человеко-часов условно включаются часы по предыдущему рабочему дню (в отличие от методологии, принятой для учета количества отработанных человеко-часов). Для сотрудника, внешнего совместителя, который был в отпуске/больничном листе с 01 по 30 ноября как будут учитываться часы ?	Как учитывать часы работы внешнего совместителя, который был в отпуске/больничном листе с 01 по 30 ноября?
Добрый день! Сотрудник внешний совместитель, график 2 через 2, работает с 01.10.23, идет в отпуск с 27.01.24-01.02.24, как рассчитать отпускные?	Как рассчитывать отпускные для внешнего совместителя с графиком 2 через 2?
Добрый вечер! Включаются ли суммы компенсации за задержку зарплаты в средний заработок при расчете компенсации за неиспользованный отпуск при увольнении?	Как рассчитывается компенсация за неиспользованный отпуск при увольнении?
Здравствуйте. Может ли сотрудник взять отпуск, например, 1) только в субботу и воскресенье; 2) за период с четверга по субботу или по воскресенье включительно?	Можно ли взять отпуск только на субботу и воскресенье или за период с четверга по субботу или по воскресенье включительно?
Добрый день! Увольнение работника в связи с окончанием срока по трудовому договору (на время отпуска по уходу за ребенком) по какой статье происходит увольнение , и формулировка в трудовой книжке. Спасибо	Какая статья и формулировка увольнения для работника, уволенного в связи с окончанием срока по трудовому договору (на время отпуска по уходу за ребенком)?
Добрый день! Работник имеет неиспользованные дни отпуска в количестве 56 дней. Может ли он их выбрать в течение одного календарного года? Или он может взять только 28 дней, а компенсацию за остальные дни получить при увольнении? Заранее спасибо.	Может ли работник выбрать неиспользованные дни отпуска в течение одного календарного года?
Здравствуйте,помогите,пожалуйста, найти ответ на мой вопрос:сотрудница с 2009г по  сентябрь 2020 г. работала в другой компании,откуда ушла в декрет и в отпуск по ухлду за ребенком до 1,5 лет...находясь в этом отпуске она увольняется из  компании (по соглашению сторон) и оставшийся 2020,2021 и 2022 год нигде не работает...в апреле 23 года она устраивается на работу и в августе 23 увольняется и приходит работать к нам в сентябре 2023...в декабре 2023 она уходит на больничный по уходу за ребенком.Т.к. она в 2021-2022гг нигде не работала и не имела дохода,я считаю ей больничный по МРОТ,верно ли это?я же не должна произвести ей замену лет в этом случае?	Можно ли считать больничный по МРОТ для сотрудницы, которая в 2021-2022 годах не работала и не имела дохода?
Добрый день. Возвращаюсь ко вчерашнему вопросу.Если организация направляет на обучение сотрудника,но договор заключен и оплачен самим сотрудников,в таком случае учебный отпуск оплачивается? ответ прошу дать письменно	Как рассчитывается компенсация при увольнении в отпуске?
Добрый день !У руководителя отпуск 28 календарных дней. За много лет накопился неиспользованный отпуск. Можно ли ему выплатить компенсацию за неиспользованный отпуск, если он не увольняется?	Можно ли выплатить компенсацию за неиспользованный отпуск, если сотрудник не увольняется?
Прошу проконсультировать: Работница выходит из отпуска до 1,5 лет и работает 40 часов , имеет ли право на пособие за счет СФР по уходу за ребенком	Как рассчитывается пособие за уход за ребенком после отпуска по уходу до 1,5 лет?
Здравствуйте!  Работник был переведен на должность начальника отдела и с этой должности ушел в очередной оплачиваемый отпуск. В новой должности отработал 10 дней. Затем приказ о переводе был признан работодатель незаконно изданным. Должен ли работник вернуть отпускные, в частности за отработанные 10 дней?	Работник переведен на новую должность и ушел в отпуск. После этого перевод был признан незаконным. Должен ли работник вернуть отпускные за отработанные дни?
Доброе утро. Подскажите, как правильно заполнить периоды работы в СЗВ-Стаж ( имею в виду в отчете ЕФС-1) за 2023г, если у сотрудника был отпуск по уходу за ребенком и в этом же периоде она выполняла работы по договору ГПХ? Какой период сначала указывать?	Как заполнять периоды работы в СЗВ-Стаж, если у сотрудника был отпуск по уходу за ребенком и в этом же периоде она выполняла работы по договору ГПХ?
Правильно ли я поняла, что сотруднику находящемуся в ежегодном оплачиваемом отпуске (в нашем случае внешнему совместителю) больничный по уходу за ребенком на этот период не оплачивается?	Оплата больничного по уходу за ребенком в ежегодном оплачиваемом отпуске у внешнего совместителя.
Добрый день Просьба проконсультировать.  Сотрудник в мае отработал не полный месяц был на больничном листе , дни б/л пршлись на праздничные дни (05.05.2023-11.05.2023= всего 7 дней) . При расчете в декабре отпускных ,  при расчете дней расчетного периода программа расчитывает дни в мае не учитывая праздничные дни, берет в расчет только дни если бы он работал. (29/31*28=26,46) , это верно?	Как рассчитывать отпускные дни, учитывая праздничные дни?
отец хочет уйти  в отпуск по уходу за ребенком до 1,5 лет. Он работает на основном месте работы и по совместительству, может ли он по совместительству попросит работодателя оформить пособие до 1,5 лет	Может ли отец по совместительству попросить работодателя оформить пособие до 1,5 лет?
Здравствуйте! При увольнении сотрудника в июле месяца были неверно рассчитаны его расчетные (компенсация отпуска). Если сейчас ему доначислить, довыплатить, то надо ли считать ему компенсацию за задержку с компенсации отпуска?	При увольнении сотрудника, если расчетные рассчитаны неверно, надо ли считать компенсацию за задержку с компенсацией отпуска?
Здравствуйте. В отчёте сзв-стаж нужно ли указывать МКС с районным коэффициентом 1,7 при отпуске по уходу за ребёнком, период временной нетрудостпособноти?	Как указывать МКС с районным коэффициентом при отпуске по уходу за ребенком?
Сотрудник ушел в отпуск на  14 дней и будучи в отпуске просит еще отпуск на 12 дней. Вопрос на следующие 12 дней в какой срок нужно выплатить отпускные?	Как рассчитывается компенсация при увольнении в отпуске?
Здравствуйте! Уточните пожалуйста может ли сотрудница во время отпуска по беременности и родам и при получении пособия по бир работать	Может ли сотрудница работать во время отпуска по беременности и родам и при получении пособия по бир?
подскажите пожалуйста. Может ли директор организации единственный учредитель брать отпуск без сохранения заработной платы на длительный срок например 1-2 месяца?	Может ли директор организации единственный учредитель брать отпуск без сохранения заработной платы на длительный срок например 1-2 месяца?
сотрудник идет в отпуск в феврале 2024 года в январе 2024 выплачена годовая  премия за 2023 г. , а в феврале 2023 годовая премия за 2022 год . какая премия войдет в расчёт	Какая премия войдет в расчет для сотрудника, который идет в отпуск в феврале 2024 года, а в январе 2024 года выплачена годовая премия за 2023 г., а в феврале 2023 годовая премия за 2022 год?
Если в отчетном периоде не было работников, которые работникам, которые в отчетном периоде:  выполняли работу, которая дает право на досрочную пенсию; работали в сельском хозяйстве и при исчислении стажа работы которых применяется список работ, производств, профессий, должностей, специальностей, в соответствии с которым устанавливают повышение размера фиксированной выплаты к страховой пенсии по старости и к страховой пенсии по инвалидности (ч. 14 ст. 17 Закона от 28.12.2013 № 400-ФЗ); формировали свои пенсионные права в соответствии с Законом от 15.05.1991 № 1244-1 «О социальной защите граждан, подвергшихся воздействию радиации вследствие катастрофы на Чернобыльской АЭС»; замещали государственные или муниципальные должности, а также должности государственной гражданской службы и муниципальной службы; работали полный навигационный период на водном транспорте, полный сезон на предприятиях и в организациях сезонных отраслей промышленности, вахтовым методом; работали в период отбывания наказания в виде лишения свободы; имели периоды простоя или отстранения от работы; имели периоды освобождения от работы с сохранением места работы на время исполнения государственных или общественных обязанностей; находились в отпуске по уходу за ребенком в возрасте от полутора до трех лет, в отпуске без сохранения зарплаты. ТО СЗВ-СТАЖ сдавать не нужно до 25.01.2024?	Как считать отпуск, когда работник находился в отпуске без сохранения зарплаты?
Добрый день, у нашего сотрудника накопился ежегодный оплачиваемый отпуск 84 календарных дня. Можем ли мы выплатить компенсацию за отпуск за 56 дней?	Можно ли выплатить компенсацию за отпуск меньше, чем накопился отпуск?
Здравствуйте. Нужно ли посылать Форму ЕФС-1 по стажу, если все работники работали, у них нет отпусков за свой счет, отпуска по беременности и по уходу за ребенком и т.п.? 1С ЗУП ничего не заполнила.	Как отразить в СЗВ-СТАЖ выход на неполный рабочий день из отпуска по уходу до 1.5 лет с сохранением пособия?
Добрый день! Если сотрудник идет в отпуск, но в его расчетном периоде за 12 месяцев - 10 месяцев он находился на больничном, то в расчет брать ли 2 месяца его фактической зарплаты ?	Как рассчитывать зарплату сотрудника, если он был в отпуске и на больничном?
как указывать отпуск по уходу за ребенком до 1,5 лет и отпуск по уходу за ребенком до 3 лет в СЗВ-Стаж (в составе ЕФС-1)?	Как указывать отпуск по уходу за ребенком до 1,5 лет и отпуск по уходу за ребенком до 3 лет в СЗВ-Стаж (в составе ЕФС-1)?
Добрый день! Подскажите, 29.12.2023 года была рассчитана заработная плата за декабрь 2023 , планируемая дата выплаты 12.01.2024 г, сегодня 10.01.2024 г.  нам предоставили свидетельство о смерти сотрудника, умер он 24.12.2023 г., заявления от родственников на выплату им причитающихся денежных средств (ЗП и компенсации отпуска при увольнения) еще нет. Как должны начисляться страховые взносы и НДФЛ на данные суммы?	Как рассчитывается страховая выплата при смерти сотрудника?
Екатерина, проконсультируйте, пжлста, в какие сроки нужно сдать отчет с января 2024 года? ПОДРАЗДЕЛ 1.2 ЕФС-1 ПО СОТРУДНИЦАМ, УХОДЯЩИМ В ОТПУСКА ПО БИР И ПО УХОДУ ЗА РЕБЕНКОМ	Как считать сроки сдачи отчета с января 2024 года для сотрудниц, уходящих в отпуск по беременности и по уходу за ребенком?
Добрый день! Вопрос по заполнению формы статистики 1-Т (условия труда). В течение года была выплачена компенсация ежегодного дополнительного оплачиваемого отпуска при увольнении работников. Должна ли быть эта сумма отражена по строке 20 раздела 2 формы?  По строке 23 необходимо показать сумму выдаваемого молока или других равноценных пищевых продуктов. У нас молоко заменено денежной компенсацией. Сумму денежной компенсации необходимо показать по строке 23 формы или здесь только расходы на физическую выдачу молока должны быть отражены?	Как отразить в форме статистики 1-Т компенсацию ежегодного дополнительного оплачиваемого отпуска при увольнении работников и расходы на физическую выдачу молока или их денежную компенсацию?
"Выдержка из Вашего ответа: ......, только 7 дней можно заменить компенсацией. Я прочитала ваши пояснения и из п. ""Когда заменить отпуск компенсацией нельзя"" и поняла, что допустимо заменить только в части, превышающей 7 календарных дней, а у нас не превышает..."	Как заменить отпуск компенсацией, если превышение дней отпуска не достигает 7 дней?
Можно ли уволить сотрудника, который  находиться в декретном отпуске по уходу за ребенком от 1,5 до 3-х лет без содержания?	Можно ли уволить сотрудника в декретном отпуске без содержания?
Добрый день.                                              У меня вопрос по расчету отпускных. Если у работника прогул или он брал дни без сохранения зарплаты, при расчете отпускных учитывается полный календарный месяц и коэффициент ?	Как рассчитывается коэффициент отпуска при прогуле или днях без сохранения зарплаты?
Здравствуйте, сотрудник, устроенный 01.08.2023 года, просит выплатить ему компенсацию за неиспользованный отпуск. Это можно сделать или это делается в момент увольнения?	Как выплачивать компенсацию за неиспользованный отпуск при увольнении?
Добрый день! Подскажите, пожалуйста, может ли сотрудница при уходе в 2024 г. в декретный отпуск, поменять года на 21 и 22 г. Беременность вторая	Может ли сотрудница при уходе в декретный отпуск, поменять года на 21 и 22 г. Беременность вторая?
Добрый день. в 2022 при выплате материальной помощи мобилизованному был удержан НДФЛ. После выхода разъяснений по поводу того, что помощь мобилизованным, членам их семей является необлагаемым доходом, сотруднику было направлено уведомление о возможном возврате НДФЛ.  в мае 2023, находясь в отпуске, сотрудник подал заявление на возврат излишне удержанного налога. Как в 6НДФЛ за 2023 год отразить данную сумму возврата? в разделе 1,2 понятно по каким строкам должно все проходить. у сотрудника в 2023 по организации не проходит доход, и в приложении 1 в сведениях о доходах и суммах налогов у него будет пусто кроме строки Сумма излишне удержанная налоговым агентом? ну так пойдет ошибка чисто математическая - без доходов и удержанного налога появился излишне удержанный.	Как отразить в 6НДФЛ сумму возврата излишне удержанного налога?
Имеет сотрудник право на отпуск по уходу за пожилыми больными родителями? (инсульт и деменция) На какой срок? Справки все есть. Этот отпуск оплачивается или за свой счет?	Какое право имеет сотрудник на отпуск по уходу за пожилыми больными родителями?
Работник предприятия принес вызов на сессию с 20 декабря по 14 января 2024 года. Как  правильно оплатить учебный отпуск? Должны ли быть оплачены дни с 1 января по 8 января 2024 года	Как оплачивать учебный отпуск, когда он включает праздничные дни?
Добрый день. Сотрудница ни дня не работала. с дня приема находилась в отпуске по уходу до 1,5 лет . Как рассчитать окончательный расчет при увольнении ?	Как рассчитывать отпуск в праздничные дни?
Добрый день. Подскажите пожалуйста, в организации к ежегодному отпуску 28 дней у не которых сотрудников добавляется 7 дней за вредность. Нужно их отдельно выделять в графике отпуско?	Как отдельно выделять в графике отпуска добавленные дни за вредность?
Доброе утро! Страховые взносы рассчитываются с начисленной з/пл или какую то роль играет выплата зар. платы например отпускных ранее их начисления ? Если сотрудник не получил зар. плату по каким то причинам страховые взносы перечисляются всё равно?	Как рассчитываются страховые взносы с начисленной зарплаты или с выплатами, таких как отпускные?
Добрый день. У нас есть сотрудник, который имеет право на дополнительный ежегодный отпуск для тех, кто пострадал в результате аварии на Чернобыльской АЭС. В форме ЕФС-1 за 2023 год у него проставляется этот отпуск с параметром НЕ ОПЛ. Нужно его поменять на ЧАЭС?	Как изменить параметр отпуска в форме ЕФС-1 с НЕ ОПЛ на ЧАЭС?
Добрый день! Если сотрудник отгулял отпуск авансом в 2023 года за 2024 год, мы его должны включить в график отпусков?	Как рассчитывается компенсация при увольнении в отпуске?
Иностранный работник (гражданин Узбекистана) убывает в отпуск на 2 месяца, должен ли работодатель подавать данные в миграционную службу об убытии работника	Обязательно ли подавать данные в миграционную службу об убытии иностранного работника на отпуск?
Добрый день. В связи с изменением законодательства в 2024 году, работница, находящаяся в отпуске по уходу за ребенком до 1,5 лет планирует выйти на полный рабочий день с сохранением ежемесячного пособия по уходу. Возможно ли это? Каким образом оформляется такая ситуация?	Как оформляется переход на полный рабочий день с сохранением пособия по уходу за ребенком до 1,5 лет?
Добрый день! Подскажите, пожалуйста, если генеральный директор является по совместительству  начальником производства, при направлении генерального директора в командировку обязательно  оформлять отпуск без сохранения оплаты на начальника производства?	Можно ли оформлять отпуск без сохранения оплаты на начальника производства, если генеральный директор является по совместительству начальником производства?
Добрый вечер. Сотрудница пошла в отпуск  по БиР, БЛ мы получили по ЭДО, данные отправили. А как отправить данные на получение пособия при том, что встала на учет на раннем сроке беременности.. Где это нужно отправлять? Это тоже работодатель отправляет? Спасибо	Как отправить данные на получение пособия при ранней беременности?
Добрый день. Раньше СЗВ стаж мы раз в год сдавали, сейчас разобраться не можем нужно нам сдавать ЕФС-1 ? Если работник 2 недели был в отпуске без сохранения з/платы, а так же на предприятии есть работник мобилизованный с начало СВО.	Как сдавать СЗВ стаж с учетом отпуска без сохранения зарплаты и мобилизации работника?
Добрый день! Вопрос по начислению отпускных: у работника на основном месте работы оклад 35000 руб, еще он в этой же организации по совместительству работает водителем на полставки и оклад у него 10000 р. Работник уходит в отпуск с 09.01.2024 на 28 дней. Подскажите, отпускные считать по каждой должности отдельно или все вместе? Если я беру отдельно 10000, ваш расчетчик не понимает что это полставки и выдает результат, исходя из МРОТ.	Как рассчитывать отпускные по двум должностям?
Добрый день, пришлите, пожалуйста, образец справки с места работы сотрудницы, находящейся в отпуске по уходу за ребенком до 3 лет	Как написать образец справки с места работы сотрудницы, находящейся в отпуске по уходу за ребенком до 3 лет?
Добрый день. Из какой минималки должен считаться средний для расчета отпуска сотруднику уходящему в отпуск после декрета? Федеральной или по Москве, организация зарегистрирована в г. Москве. (Средний исходя из заработка сотрудника до ухода в декрет меньше ,чем расчет из минималки).	Как рассчитывается компенсация при увольнении в отпуске?
Может ли сотрудник уволится или уйти в отпуск в нерабочий праздничный день? ТК РФ? когда нужно в таких случаях выплачивать расчет?	Может ли сотрудник уволиться или уйти в отпуск в нерабочий праздничный день?
Добрый день! Подскажите, если сотрудница с 01 августа 2023 года в отпуске по беременности и родам, а в январе 2024 увольняется, какой период брать с начислениям з/п при расчете компенсации : с 01.08.2022 по 31.07.23 или с 01.01.2023 по 31.07.23.?	Какой период брать с начислениями з/п при расчете компенсации для сотрудницы, увольняющейся в январе 2024 года, но находившейся в отпуске по беременности и родам с 01 августа 2023 года?
Добрый день! Сотрудник на время срочной службы (1 год) не был уволен, трудовой договор был приостановлен на это время. Положен ли трудовой отпуск за этот период?	Положен ли трудовой отпуск за время приостановления трудового договора на срочную службу?
Добрый день! Нужно ли сдавать СЗВ--СТАЖ в СФР, если у сотрудников в течение 2023 года не было никаких отклонений (отпусков за свой счет, больничных и т.д.)?	Как сдавать СЗВ-СТАЖ в СФР, если сотрудники не имели отклонений в 2023 году?
"Доброе утро! Подскажите, пожалуйста. Сотрудница собралась в отпуск по БиР. Оф.трудоустроена в 2023 году, с 2020-2022 год нигде не была трудоустроена, имела статус самозанятой, с 2016-2019 работала на полставки от МРОТ. Можно не заменять периоды, оставить 2022,2021? И если их можно оставить, то какой доход указывать ""0"" или величину МРОТ за соответствующие периоды?"	Как рассчитывается компенсация при увольнении в отпуске?
Добрый день, есть ли какие то обязанности у работодателя предоставлять отпуск в период когда хочет работник? По сотрудникам многодетным и тем у кого школьники обязаны предоставить летом? По остальным сотрудникам работодатель сам решает когда отпустить?	Какие обязанности у работодателя по предоставлению отпуска сотрудникам?
Добрый день. У сотрудницы заканчивается отпуск по уходу за ребенком до 1,5 лет. Какие документы необходимо оформить для оформления отпуска по уходу за ребенком до 3-х лет?	Какие документы необходимо оформить для оформления отпуска по уходу за ребенком до 3-х лет?
Подскажите, пожалуйста, если наша сотрудница находясь в отпуске по уходу за ребенком до 1,5 лет, сейчас хочет выйти на неполный рабочий день - как это оформить и не будет ли у нее уменьшено пособие?	Как оформить выход на неполный рабочий день из отпуска по уходу за ребенком до 1,5 лет?
Добрый день! Скажите пожалуйста как правильно заполнить в отчете за 2023 год отчет по стажу, если сотрудник был в отпуске без содержания.	Как правильно заполнить отчет по стажу, если сотрудник был в отпуске без содержания?
Добрый день! У меня вопрос. Иностранному сотруднику на патенте начислена материальная помощь к отпуску. По какой ставке рассчитать НДФЛ? И можно ли сумму этого НДФЛ зачесть в счет фиксированных платежей ?	Как рассчитывать НДФЛ для иностранного сотрудника, получающего материальную помощь к отпуску?
"Здравствуйте! В отчете сзв стаж (Страховые взносы, сведения о стаже сотрудников ЕФСкакие параметры ) за 2023 г указать, если сотрудник получил компенсацию за неиспольз отпуск при увольнении "" НЕОПЛ"" или вообще не указывать в графе ?"	"Как указать компенсацию за неиспольз отпуск при увольнении ""НЕОПЛ"" в отчете сзв стаж?"
Добрый день! В 2023 году работнице, вышедшей из отпуска по уходу за ребенком расчетный период для расчета больничного, по ее заявлению заменили на 2018 и 2019 год. (2020 по 2022 пособие по уходу за ребенком, по уходу до 1,5 лет) Можем ли мы в 2024 году заменить 2022 год на 2019 и в расчете использовать зар.плату за 2019 и 2023 годы	Можно ли заменить расчетный период для расчета больничного в 2024 году на 2019 и 2023 годы?
Здравствуйте, подскажите пожалуйста при расчете компенсации отпуска при увольнении, включается ли в периоды отсутствия, которые повлияли на расчет рабочего года, отпуск по беременности и родам. Спасибо	Как рассчитывается компенсация при увольнении в отпуске?
Добрый день! Подскажите, пожалуйста на кого нужно подавать сведения ЕФС-1 за 2023 год? Я поняла что на работников, которые оформляли отпуск без сохранения зарплаты, отпуск по уходу за ребенком. Я перечислила только в нашем случае.	Как рассчитывается компенсация при увольнении в отпуске?
Добрый день! ООО, директор и учредитель в 1 лице. Уходит в декретный отпуск. Временно исполняющий обязанности генерального директора назначен по приказу. Надо ли вносить изменения в уставные документы или уведомлять какие-либо инстанции.	Нужно ли вносить изменения в уставные документы или уведомлять какие-либо инстанции при назначении временно исполняющего обязанности генерального директора в ООО, где директор и учредитель в 1 лице?
Здравствуйте, подскажите пожалуйста сотрудница написала заявление на отпуск по уходу за ребенком до 1,5 лет. Организация должна оформить приказ сразу до 3-х лет? Нужна ли справка от отца о неполучении пособия. Спасибо	Как оформлять приказ на отпуск по уходу за ребенком до 1,5 лет?
Здравствуйте! Сотрудник работает дистанционно в г. Пермь. Ему положен дополнительный ежегодный отпуск т.к. он работает в местности с особыми климатическими условиями?	Можно ли сотруднику, работающему дистанционно в г. Пермь, выдать дополнительный ежегодный отпуск из-за особых климатических условий?
Здравствуйте! Такой вопрос: Сотрудник Иванов получает зарплату за февраль 03.03 и аванс за март 20.03, обе выплаты попадают в третий срок перечисления (уведомление по ЕНП), затем 30.03 он получает отпускные. Данная выплата уже попадает в первый срок перечисления во второй квартал. Должна ли эта выплата попасть в отчет 6НДФЛ за 1й квартал, если в уведомление по ЕНП эта сумма уже идет во втором квартале в первый срок перечисления.	Как рассчитывается компенсация при увольнении в отпуске?
Сотрудница в сентябре ушла в отпуск по беременности и родам. Можем ли мы ей выплатить квартальную премию за 3 квартал ?	Можно ли выплатить премию за 3 квартал сотруднице, которая ушла в отпуск по беременности и родам?
"Здравствуйте! Сотрудник решил пойти в дополнительный ""чернобыльский"" отпуск последние 14 дней года и принес больничный, который пересекается с отпуском на 1 день, то есть первый день начала отпуска. Нам оплачивать больничный все дни и переносить этот 1 день на 01.01.2024, либо 1 день больничного не оплачиваем?"	Как оплачивать больничный, когда он пересекается с отпуском на 1 день?
Добрый день! Генеральный директор не ходит в отпуск несколько лет. Что делать с накопившимия днями отпуска? Можно ли их списать?	Как рассчитывается компенсация при увольнении в отпуске?
А как же эти условия????????Подраздел 1.2 подраздела 1 заполняют и сдают работодатели только по работникам, которые в отчетном периоде:  выполняли работу, которая дает право на досрочную пенсию; работали в сельском хозяйстве и при исчислении стажа работы которых применяется список работ, производств, профессий, должностей, специальностей, в соответствии с которым устанавливают повышение размера фиксированной выплаты к страховой пенсии по старости и к страховой пенсии по инвалидности (ч. 14 ст. 17 Закона от 28.12.2013 № 400-ФЗ); формировали свои пенсионные права в соответствии с Законом от 15.05.1991 № 1244-1 «О социальной защите граждан, подвергшихся воздействию радиации вследствие катастрофы на Чернобыльской АЭС»; замещали государственные или муниципальные должности, а также должности государственной гражданской службы и муниципальной службы; работали полный навигационный период на водном транспорте, полный сезон на предприятиях и в организациях сезонных отраслей промышленности, вахтовым методом; работали в период отбывания наказания в виде лишения свободы; имели периоды простоя или отстранения от работы; имели периоды освобождения от работы с сохранением места работы на время исполнения государственных или общественных обязанностей; находились в отпуске по уходу за ребенком в возрасте от полутора до трех лет, в отпуске без сохранения зарплаты.	Как рассчитывается компенсация при увольнении в отпуске?
Добрый день, подскажите, пожалуйста, если за 2023год по новым правилам никто не попадает из сотрудников в СЗВ-Стаж (нет ни декретниц, ни отпуска за свой счет,) то тогла нулевой отчет сдавать не нужно?	Нужно ли сдавать СЗВ-Стаж отчет для сотрудников, которые не попадают в СЗВ-Стаж по новым правилам?
Здесь написано, что можно взять только 2020 и 2021 годы, но она в эти годы была в отпуске по уходу за ребенком, у нее не было доходов.	Как рассчитывается компенсация при увольнении в отпуске?
Доброго дня. подскажите пожалуйста, мы создаем резервы на отпуск в бухгалтерском и налоговом учете. В гл. 25 НК РФ правила определения предельной суммы отчислений не установлены. Мы делаем расчет на основании данных ФОТ и пр., получаем по расчету сумму например 489тр. Можем ли мы округлить предельную сумму отчислений до 500тр?	Можно ли округлить предельную сумму отчислений до 500 тр.?
Добрый день! Подскажите как рассчитать отпускные сотруднику, если в периоде  для расчета отпускных т.е. в январе 2023 года был в отпуске и отработал только 1 день, для расчета брать 1 день или 8 выходных + 1 рабочий =9 дн (сколько календарных дней в январе учитывать)?	Как рассчитывать отпускные сотруднику, если в период для расчета отпускных в январе 2023 года был в отпуске и отработал только 1 день, для расчета брать 1 день или 8 выходных + 1 рабочий = 9 дней (сколько календарных дней в январе учитывать)?
Доброе утро! Помогите разобраться. В Организации одновременно произошло индексация зарплаты и перевод сотрудника на другую должность, нужно ли индексировать его средний заработок при расчете отпускных и командировок и как рассчитать коэффициент индексации (его новый оклад по новой должности разделить на старый оклад по прежней должности) или сравнивать оклады старый и новый только по новой должности после перевода? Если и приказ по индексации и приказ о переводе одним числом, и оба изменения действуют с 0101.24	Как рассчитывать отпускные и командировки при индексации зарплаты и переводе на другую должность?
Здравствуйте! Сотрудника с 09.08.23 перевели на другую должность с большим окладом, с 01.01.24 было повышение зарплаты, сотрудник идет в отпуск в январе 2024 в расчетном периоде сотрудник был в отпуске, как правильно рассчитать отпускные если повышению предшествовал перевод на более высокооплачиваемую должность, посчитать два разных коэффициента или один т.к. расчетный период отработан не полностью (был в отпуске)	Как рассчитывать отпускные, если сотрудник переведен на более высокооплачиваемую должность и повышение зарплаты произошло перед отпуском?
"В карте СОУТ от августа 2021 года числится должность ""водитель автомобиля на ГАЗ 322132 гос. № Е586ТУ28"" с предоставлением повышенной оплаты  и дополнительного оплачиваемого отпуска за вредные условия труда. В 2023 году приобретен а/м ГАЗ Автобус и введена новая должность в штатное расписание ""водитель автомобиля ГАЗ Автобус"". Водитель со старого а/м переведен на новый (на который нет СОУТ). Сохраняется ли этому водителю доплата за вредность и дополнительный оплачиваемый отпуск?"	Сохраняется ли доплата за вредность и дополнительный оплачиваемый отпуск для водителя, перешедшего с ГАЗ 322132 на ГАЗ Автобус?
Добрый день! Сотрудница ушла в декрет в 2017 году, на момент ухода у нее было 14 дней неиспользованного основного отпуска. В дальнейшем ей предоставлялся отпуск по уходу за ребенком в соответствии с законом. Теперь она хочет уволиться. Вопрос: компенсация за неиспользованный отпуск эти  14 дней?	Как рассчитывается компенсация за неиспользованный отпуск при увольнении?
Добрый день! скажите пожалуйста сотрудник ушел в отпуск с 11.12.2023 по 15.01.2024, были рассчитаны и выплачены отпускные исходя из МРОТ который действовал в 2023 году, нужно ли пересчитать отпускные в январе исходя из нового МРОТ, если дни отпуска приходятся на январь?	Как рассчитывается компенсация при увольнении в отпуске?
Добрый день. Сотрудницу приняли на работу в ноябре 2023 года. В декабре 2023 она уходит в декретный отпуск. Дохода у других работодателей в 2021 и 2022 году у неее не было. На какие выплаты она может расчитывать?	Какие выплаты сотрудница может расчитывать, если она уходит в декретный отпуск в декабре 2023 года и у нее не было доходов у других работодателей в 2021 и 2022 годах?
суммированный учет рабочего времени год,график сутки через трое,как правильно посчитать  сколько   часов переработка,если сотрудник в отпуске из нормы нужно вычесть дни по графику либо все дни отпуска по 8 часовСотрудник  работает сутки трое	Как посчитать переработку часов при отпуске сотрудника, работающего сутки трое?
Добрый день! Во время декретного отпуска женщина уволилась с прежнего места работы по соглашению сторон с выплатой компенсации в 6-ти кратном размере. После декретного отпуска она устроилась на работу в нашу организацию. Как рассчитать оплату больничного листа по уходу за ребенком до 7 лет женщине, которая только что вышла из декретного отпуска? Ее общий стаж 10 лет.	Как рассчитать оплату больничного листа по уходу за ребенком до 7 лет женщине, которая только что вышла из декретного отпуска?
Подскажите,пожалуйста! Сотрудница вышла в отпуск по БиРу в статусе ВНЖ.(Таджикастан)    Предоставила больничный от 10.11.2023 г. по БиР.  Поменяла гражданство на РФ, паспорт от 15.12.2023 г.	Как рассчитывается компенсация при увольнении в отпуске?
Исключается ли для расчета пособия по больничному время отпуска без сохранения? Сотрудник в отпуске без сохранения и в этот период пришел больничный. Читаю, что работодатель не должен оплачивать его, ФСС оплачивает?	Как рассчитывается пособие по больничному при отпуске без сохранения?
Добрый день, у работницы 31 декабря 2023 года заканчивается отпуск по беременности и родам. Подскажите, пожалуйста, с какого числа правильнее предоставить ей отпуск по уходу за ребенком до трех лет, с 01.01.2024 или с 09.01.2024?	Как рассчитывать отпуск в праздничные дни?
добрый день. подскажите необходимо уволить сотрудника -иностранного гражданина, расторгнуть трудовой договор, если есть постановление суда о совершении административного правонарушения по ст.18.10 КоАП  РФ и назначением ему наказанием в виде штрафа и с административным выдворением за пределы РФ. Решение суда вступило в законную силу 9.01.2024 г, а копия решения работодателем получен 15.01.2024 г. Каким числом необходимо уволить? Нужно ли начислить компенсацию за неиспользованный отпуск?	Как рассчитывается компенсация за неиспользованный отпуск при увольнении иностранного гражданина?
У нас работница идёт на больничный по беременности и родам 22 декабря. Я считаю стаж ей работы.но вопрос в том, включать ли в стаж время её нахождения в декретном отпуске  и отпуске  по уходу за ребёнком в 2016 -2018 годах? И вопрос в том, сколько процентов ей оплачивать в связи с беременность и родами 100 или меньше в зависимости от её стажа?	Как рассчитывается компенсация при увольнении в отпуске?
Добрый день! подскажите пжста нужно ли сдавать отчет СЗВ Стаж (теперь ЕСФ-1) на сотрудницу которая находится в отпуске по уходу за ребенком до 1,5 лет	Нужно ли сдавать отчет СЗВ Стаж (ЕСФ-1) на сотрудницу в отпуске по уходу за ребенком до 1,5 лет?
сотрудница принесла больничный с 19.12.2023 по 22.12.2023 по уходу за больным ребенком . у нее в 2020 и 2021 г был декретный отпуск  на какие года можно заменить расчетный период	Как заменить расчетный период декретного отпуска на другие годы?
Добрый день! Сотрудница уходит в декретный отпуск. Издали приказ на 140 дней без сохранения заработной платы в связи с декретным отпуском. Нужно ли сдавать отчет по ней в СФР ? ЕФС-1?	Как сдавать отчет по сотруднице, уходящей в декретный отпуск без сохранения заработной платы?
Здравствуйте! У сотрудника жена родила ребенка. Жена хочет выйти на работу, может ли папа по заявлению оформить отпуск до 1,5 лет ,продолжая работать, либо ему надо снизить ставку?	Как оформить отпуск для отца, когда мать возвращается на работу после рождения ребенка?
"при расчете компенсации за неиспользованный отпуск при увольнении  надо ориентироваться на МРОТ . В  статье ""Когда при расчете компенсации за неиспользованный отпуск при увольнении учитывать МРОТ"" ссылаетесь на п.18  Постановление Правительства РФ от 24.12.2007 № 922 .                                            18. Во всех случаях средний месячный заработок работника, отработавшего полностью в расчетный период норму рабочего времени и выполнившего нормы труда (трудовые обязанности), не может быть менее установленного федеральным законом минимального размера оплаты труда. Согласно этого я бы сделала вывод, что при увольнении должна ориентироваться на федеральный МРОТ. Правильно или нет ?"	"

При расчете компенсации за неиспользованный отпуск при увольнении, надо ориентироваться на федеральный минимальный размер оплаты труда (МРОТ).

При увольнении, надо ли ориентироваться на федеральный минимальный размер оплаты труда (МРОТ) для расчета компенсации за неиспользованный отпуск?"
в ООО с 2022г., учредитель и  директор в одном лице, по факту компания не работает и директор находится в неопл отпуске с момента открытия ООО, необходимо ли сдавать по нему форму СЗ-ТД и СЗ Стаж, СЗВ-М за 2022г?	Как сдавать документы для директора ООО, который находится в отпуске и компания не работает?
Добрый день, работодателем принято решение сокращать должность, за 2 месяца предупредили работников, в день сокращения выплатили начисленную з/п и компенсацию за не использованный отпуск, обязан ли работодатель еще что-то платить?	Как рассчитывается компенсация за не использованный отпуск при сокращении должности?
Добрый день. Вопрос по СЗВ-СТАЖУ за 2023 г. Просьба ответить конкретно на каждый вопрос, без отсылки к документам. 1. Сведения подаются на всех работников или только на тех, кто по каким-либо причинам (декрет, больничный, отпуск без содержания) отсутствовал? 2. На внешних совместителей (подразумевается с теми же причинами отсутствия, что и в первом вопросе) также подаются сведения или на них сдадут по основному месту работы?	Как рассчитывается компенсация при увольнении в отпуске?
Здравствуйте, подскажите, пожалуйста, если у организации практически нет операций и один сотрудник-директор в отпуске без сохранения зп, нужно ли сдавать полную годовую бухгалтерскую отчетность с пояснениями к бухгалтерскому балансу?	Как рассчитывается компенсация при увольнении в отпуске?
можно ли взять отпуск за свой счет во время больничного и что грозит работодателю если оформим отпуск во время больничного?	Можно ли взять отпуск за свой счет во время больничного и что грозит работодателю если оформим отпуск во время больничного?
Добрый день! подскажите пожалуйста, Отпуск по уходу за ребенком до 1,5 лет входит в Иные периоды, исключаемые из стажа, дающего право на ежегодный основной оплачиваемый отпуск, за каждый рабочий год за исключением отпусков без сохранения заработной платы?	Отпуск по уходу за ребенком до 1,5 лет влияет на стаж для получения ежегодного основного оплачиваемого отпуска?
2 Вопрос:  Есть сотрудник многодетный с удостоверением многодетная семья. Какие у нее есть права: дополнительный отпуск или дополнительный выходной. Что должен работодатель предоставить данному сотруднику.   3 Вопрос:  Инвалиды 3 гр. и 2 гр. Должны ли мы  как работодатель делать сокращенный рабочий день? Оплачивается ли этот день? Какие есть нормативные документы которые мы должны оформить.	Права многодетных сотрудников и обязательства работодателя по условиям труда.
в отпуск сотрудник со 2 октября, выплата отпускных была 28 сентября. в ндфл-6 данные отпускные должны в какой период попасть за 9 месяцев или за год?	Как рассчитывается отпускные для сотрудника, который вышел в отпуск со 2 октября и получил выплату отпускных 28 сентября?
Добрый день. Подскажите пожалуйста если в течении года не было кадровых изменений, право на досрочную пенсию никто не имеет, в отпуске за свой счет никто не был то раздел о стаже в форме ефс -1 сдавать не надо? Правильно я понимаю что теперь не все сдают эти сведения?	Нужно ли сдавать форму ЕФС-1 с разделом о стаже, если не было кадровых изменений и не было отпуска за свой счет в течении года?
Здравствуйте! Если сотрудница прервала отпуск по уходу за ребенком до 1,5 лет и вышла на работу. Как ей сейчас восстановить право на получение отпуска по уходу и продолжать работать полную ставку? В связи с принятыми изменениями в Федеральный закон от 19.12.2023 № 614-ФЗ, Федеральный закон от 19.12.2023 № 620-ФЗ	Как восстановить право на получение отпуска по уходу после прерывания и продолжать работать полную ставку?
10 января 2024 г сотрудник -(папа ребенка)  подал заявление на выплату отпуска по уходу за ребенком  до 1,5 лет  ( мама  ребенка не работает  ). Мы обязаны начислить пособие по уходу за ребенком папе.  Далее ,  11 января  2024 г папа  выходит на работы ,и  отказывается о этого отпуска . Вопрос , по новому законодательству с 01.01.2024 г пособие по уходу за ребенком  он продолжает получать ,  даже выйдя на работу на полный рабочий день ?	По новому законодательству с 01.01.2024 г, папа ребенка, выйдя на работу на полный рабочий день, продолжает получать пособие по уходу за ребенком до 1,5 лет?
Как отразить в РСВ и 2-НДФЛ сторно за использованный авансом отпуск при увольнении сотрудника, если увольнение в апреле, а отпуск был в январе?	Как отразить в РСВ и 2-НДФЛ сторно за использованный авансом отпуск при увольнении сотрудника, если увольнение в апреле, а отпуск был в январе?
Вопрос :Сотрудники, у которых трое и больше детей в возрасте до 18 лет*  (Ст. 262.2 ТК) имеет право взять отпуск  в любое время, даже если он не отработал 6 месяцев ?      «	Право на отпуск у сотрудников с тремя и более детьми в возрасте до 18 лет, несмотря на отсутствие 6-месячной работы?
к каким приказам отнести приказ об утверждении графика отпусков, много противоречивой информации,. либо к личному составу либо к основной деятельности	Как отнести приказ об утверждении графика отпусков к личному составу или к основной деятельности?
Добрый вечер! Сотрудница с 27.02.2023 по 16.07.2023 находилась в отпуске по по БИР., а затем с 17..07.2023 по 08.01.2024 в отпуске уходу за ребенком до 1,5 лет, В период отпуска по уходу за ребенком с 01.08.2023г.по 08.01.2024г.работала на условиях неполного рабочего дня. с 22.01.2024г. сотруднице предоставлен ежегодный оплачиваемый отпуск. Вопрос: Какой расчетный период надо взять для расчета среднего заработка и отпускных?	Какой расчетный период надо взять для расчета среднего заработка и отпускных?
Добрый день! Сотрудница находится в отпуске по уходу за ребенком до 1,5 лет. Выходит на работу 15 дней, совместитель на условии неполного рабочего времени. Может ли она потом снова вернуться в отпуск по уходу за ребенком до 1,5 лет и получать пособие? Будет ли получать пособие за те дни, что она работала?	Может ли сотрудница, работающая на неполный рабочий день, вернуться в отпуск по уходу за ребенком до 1,5 лет и получать пособие?
Добрый день. К нашей организации А присоединяется в форме реорганизации другая организация В.  Работники переводятся в организацию А. А если у них остались неизрасходованные отпуска, можно ли им выплатить компенсацию в организации В, или каким образом им будет начислен отпуск по графику в организации А?	Как рассчитывается компенсация при переводе работников с неиспользованным отпуском?
подскажите, пожалуйста, если сотрудница с октября 2022г. находится в отпуске по уходу за ребенком до 1,5 лет , нужно ли это отобразить в ГОДОВОМ отчете ЕФС-1 - подраздел 1.2?и как это правильно сделать, если да?	Как отображать отпуск по уходу за ребенком до 1,5 лет в ГОДОВОМ отчете ЕФС-1 - подраздел 1.2?
Доброе Утро! Подскажите, пожалуйста, как рассчитать больничный сотруднице, по уходу за ребенком, если она до этого года находилась в отпуске по уходу за ребенком с 2018 г. по 31.12.2023 г. ?	Как рассчитывать больничный сотруднице, по уходу за ребенком, если она до этого года находилась в отпуске по уходу за ребенком с 2018 г. по 31.12.2023 г.?
Здравствуйте! Подскажите, пожалуйста, являются ли компенсация за неиспользованный отпуск при увольнении и оплата листа нетрудоспособности - выплатами социального характера? Спасибо!	Являются ли компенсация за неиспользованный отпуск и оплата листа нетрудоспособности выплатами социального характера?
Добрый день. ООО занимается оптовой продажей сахара песка. Налоговая попросила (встречная проверка) расчет (калькуляция) отпускной цены на единицу реализованного товара. Подскажите пожалуйста какие данные необходимо предоставить? Мы не являемся производителями - калькуляции не делаем.	Какие данные необходимо предоставить для расчета отпускной цены на единицу реализованного товара?
Добрый день. У нас сотрудница в декабре брала дополнительный отпуск по уходу за ребенком инвалидом. Нужно ли данные дни отражать в подразделе 1.2  ЕФС-1 (стаж основание сотрудника ДОПВЫХ)?	Как отражать в подразделе 1.2 ЕФС-1 дополнительный отпуск по уходу за ребенком инвалидом?
Доброе утро. Подскажите, пожалуйста, как оформить отпуск по уходу за ребенком, если отпуск по беременности и родам не закончился? Сотрудник находится в отпуске по БиР с 09.11.2023 по 27.03.2024, а роды состоялись 27.12.2023	Как оформить отпуск по уходу за ребенком, если отпуск по беременности и родам не закончился?
Добрый день! Подскажите, пожалуйста, сотрудник получает по совмещению доплату, как правильно оформить получаемую доплату, если этот сотрудник идет в отпуск?	Как оформить получаемую доплату при отпуске сотрудника, работающего по совмещению?
Здравствуйте ! Нужно ли вести воинский учет на генерального директора, который является единственным участником общества, если он находится в отпуске за свой счет и он всего лишь один единственный сотрудник. Или в случае, если генеральный директор - единственный учредитель компании и с ним не заключен трудовой договор.	Нужно ли вести воинский учет для генерального директора, который является единственным участником общества и не заключил трудовой договор?
Доброе утро!  Сотрудник по авансовому отчету возмещает льготный отпуск, в маршрутной квитанции вкл. строка *страховка пассажира на время полета* Вопрос: можем ли мы сумму страховки взять в расходы и возместить сотруднику?	Можем ли мы сумму страховки взять в расходы и возместить сотруднику?
Добрый вечер! Скажите, пожалуйста, как будет рассчитываться отпуск по уходу за ребёнком до 1,5 лет, если сотрудница после отпуска по беременности и родам сначала пойдёт в очередной оплачиваемый отпуск, а после него в отпуск по уходу за ребенком? Вопрос возник в связи с тем, что в данном случае отпуск по уходу за ребенком начнется в 2024 году, а не в 2023	Как рассчитывается отпуск по уходу за ребенком после отпуска по беременности и родам?
Вопрос по  начислению отпускных. Сотрудник пошел в отпуск  до пустим с  10 числа. 5 ему перечисляем отпуск. В расчет берем 12 месяцев. Вроде все нормально. Рассчитали ,выплатили. Но 15 числа была начислена и выплачена премия за прошедший месяц. В расчет отпуска она не попала, т.к. на то момент еще не была начислена. Вопрос надо ли пересчитывать отпускные сотруднику???	Надо ли пересчитывать отпускные сотруднику, если премия за прошедший месяц была выплачена после начала отпуска?
ДД! Вопрос как  предоставляются  стандартные вычета по НДФЛ на ребенка работнику за период отпуска без сохранения зарплаты.  если он работал март ,апрель и ноябрь декабрь м-ц  с учетом того что вычеты предоставляются с нарастающим итогом за год но сотрудник работает на пол ставки в ООО, т,к, он директор и учредитель в одном лице и других мест работы у него нет.	Как рассчитываются стандартные вычета по НДФЛ на ребенка работника за период отпуска без сохранения зарплаты, если он работал на полной ставке в ООО и является директором и учредителем в одном лице?
Добрый день! Уточните, пожалуйста, в форме Т-6 приказа об ежегодном отпуске в строке период всегда указывается именно год, за который предоставляется отпуск? Имеется ввиду недопустимо, например поставить пол года?	Как указывать год в форме Т-6 приказа об ежегодном отпуске?
доброе утро, подскажите пожалуйста, ген. директор находится в отпуске за свой счет может ли он подписывать с собой как с учредителем  договор займа ?	Может ли гендиректор в отпуске подписывать с собой договор займа?
А проводки я правильно думаю: Дт 20/1 Кт 76- доначислена компенсация за неиспользуемый отпуск при увольнении работнику при выдаче годовой премии за прошлый год, и Дт 76- Кт 51 - выплачено дочисление работнику?	Как рассчитывается компенсация за неиспользуемый отпуск при увольнении работника?
Добрый день.  Сотрудница не открывала больничный по беременности и родам, но планирует уйти в отпуск по уходу за ребенком. С какой даты может быть оформлен данный отпуск? с даты рождения? В данном случае нет необходимости ждать 70 дней после родов, как в том случае когда открыт больничный?	Как определяется начало отпуска при уходе за ребенком без открытия больничного?
